email,username,password
john.doe@example.com,johndoe,pass123
jane.smith@example.com,janesmith,abc456
mark.johnson@example.com,markjohnson,xyz789
emma.wilson@example.com,emmawilson,hello123
alice.roberts@example.com,aliceroberts,p@ssw0rd
tom.williams@example.com,tomwilliams,qwerty123
sarah.brown@example.com,sarahbrown,testing456
michael.jones@example.com,michaeljones,ilovecats
linda.davis@example.com,lindadavis,letmein123
robert.anderson@example.com,robertanderson,12345678
jennifer.thompson@example.com,jenniferthompson,password123
david.hall@example.com,davidhall,securepass
olivia.harris@example.com,oliviaharris,welcome123
charles.white@example.com,charleswhite,hellothere
samantha.taylor@example.com,samanthataylor,abc123xyz
matthew.lewis@example.com,matthewlewis,letmein
lauren.clark@example.com,laurenclark,p@ssword123
james.hill@example.com,jameshill,letmein123!
emily.green@example.com,emilygreen,testing123
ryan.adams@example.com,ryanadams,abc123!
jessica.king@example.com,jessicaking,iloveyou
andrew.ross@example.com,andrewross,hello123!
sophia.cook@example.com,sophiacook,pass1234
benjamin.miller@example.com,benjaminmiller,123456
victoria.turner@example.com,victoriaturner,password1
nathan.scott@example.com,nathanscott,letmein12
madison.stewart@example.com,madisonstewart,abc456!
jacob.ward@example.com,jacobward,qwerty123!
olivia.jenkins@example.com,oliviajenkins,welcome123!
william.brooks@example.com,williambrooks,password123!
abigail.price@example.com,abigailprice,securepass123
ethan.kelly@example.com,ethankelly,12345678!
ava.howard@example.com,avahoward,testing456!
logan.carter@example.com,logancarter,ilovecats123
grace.bailey@example.com,gracebailey,letmein123!
daniel.phillips@example.com,danielphillips,hellothere!
emma.richardson@example.com,emmarichardson,abc123xyz!
joseph.rogers@example.com,josephrogers,letmein!
mia.perry@example.com,miaperry,p@ssword123!
samuel.bell@example.com,samuelbell,letmein1234
chloe.brown@example.com,chloebrown,testing123!
henry.wilson@example.com,harrywilson,abc123!
ava.evans@example.com,avaevans,iloveyou123
dylan.morris@example.com,dylanmorris,hello1234
scarlett.ross@example.com,scarlettross,pass12345
jackson.hughes@example.com,jacksonhughes,123456789
harper.long@example.com,harperlong,password12345